"DESCRIPTION","DURATION IN MS","NAME","PARENT SUITE","START TIME","STATUS","STOP TIME","SUB SUITE","SUITE","TEST CLASS","TEST METHOD"
"","700","Update a book with null as page number","","2026-10-05","passed","2026-10-05","","bookstore.books.PutBookTests","bookstore.books.PutBookTests","updateBookWithNullPageNumber"
"","693","Delete a book with valid data","","2026-10-05","passed","2026-10-05","","bookstore.authors.DeleteAuthorTests","bookstore.authors.DeleteAuthorTests","deleteBookValidData"
"","1019","Update author with empty first name","","2026-10-05","passed","2026-10-05","","bookstore.authors.PutAuthorTests","bookstore.authors.PutAuthorTests","updateAuthorWithEmptyFirstName"
"","330","Delete a book with maximum integer ID","","2026-10-05","failed","2026-10-05","","bookstore.books.DeleteBookTests","bookstore.books.DeleteBookTests","deleteBookWithMaxIntegerId"
"","761","Create a new book without excerpt","","2026-10-05","passed","2026-10-05","","bookstore.books.PostBookTests","bookstore.books.PostBookTests","createBookWithoutExcerpt"
"","347","Test getting an author by bookID with zero","","2026-10-05","failed","2026-10-05","","bookstore.authors.GetAuthorTests","bookstore.authors.GetAuthorTests","getAuthorByBookIdWithZero"
"","665","Create a new author with valid data","","2026-10-05","passed","2026-10-05","","bookstore.authors.PostAuthorTests","bookstore.authors.PostAuthorTests","createNewAuthor"
"","997","Update author with empty last name","","2026-10-05","passed","2026-10-05","","bookstore.authors.PutAuthorTests","bookstore.authors.PutAuthorTests","updateAuthorWithEmptyLastName"
"","692","Create a new author with minimum integer ID","","2026-10-05","passed","2026-10-05","","bookstore.authors.PostAuthorTests","bookstore.authors.PostAuthorTests","createAuthorWithMinIntegerId"
"","349","Create a new book with negative page count","","2026-10-05","failed","2026-10-05","","bookstore.books.PostBookTests","bookstore.books.PostBookTests","createBookWithNegativePageCount"
"","1024","Update book with empty excerpt","","2026-10-05","passed","2026-10-05","","bookstore.books.PutBookTests","bookstore.books.PutBookTests","updateBookWithoutExcerpt"
"","655","Create a new author without last name","","2026-10-05","passed","2026-10-05","","bookstore.authors.PostAuthorTests","bookstore.authors.PostAuthorTests","createAuthorWithEmptyLastName"
"","337","Test getting a book using a special sign","","2026-10-05","passed","2026-10-05","","bookstore.books.GetBookTests","bookstore.books.GetBookTests","getBookBySpecialSign"
"","345","Delete a book with special sign ID","","2026-10-05","passed","2026-10-05","","bookstore.authors.DeleteAuthorTests","bookstore.authors.DeleteAuthorTests","deleteBookWithSpecialSignId"
"","339","Test getting a book by a non-existing ID","","2026-10-05","passed","2026-10-05","","bookstore.books.GetBookTests","bookstore.books.GetBookTests","getBookByNonExistingId"
"","318","Delete a book with ID with extra zeros upfront","","2026-10-05","passed","2026-10-05","","bookstore.authors.DeleteAuthorTests","bookstore.authors.DeleteAuthorTests","deleteBookWithExtraZeros"
"","322","Delete a book with ID above maximum","","2026-10-05","failed","2026-10-05","","bookstore.authors.DeleteAuthorTests","bookstore.authors.DeleteAuthorTests","deleteBookWithIdAboveMax"
"","337","Delete a book with minimum integer ID","","2026-10-05","failed","2026-10-05","","bookstore.books.DeleteBookTests","bookstore.books.DeleteBookTests","deleteBookWithMinIntegerId"
"","336","Test getting an author by a non-existing ID","","2026-10-05","passed","2026-10-05","","bookstore.authors.GetAuthorTests","bookstore.authors.GetAuthorTests","getAuthorByNonExistingId"
"","337","Delete a book with maximum integer ID","","2026-10-05","failed","2026-10-05","","bookstore.authors.DeleteAuthorTests","bookstore.authors.DeleteAuthorTests","deleteBookWithMaxIntegerId"
"","341","Test getting an author by minimum integer ID","","2026-10-05","passed","2026-10-05","","bookstore.authors.GetAuthorTests","bookstore.authors.GetAuthorTests","getAuthorByMinIntegerId"
"","324","Test getting an author by special sign bookID","","2026-10-05","passed","2026-10-05","","bookstore.authors.GetAuthorTests","bookstore.authors.GetAuthorTests","getAuthorBySpecialSignBookId"
"","340","Delete a book with negative ID","","2026-10-05","failed","2026-10-05","","bookstore.books.DeleteBookTests","bookstore.books.DeleteBookTests","deleteBookWithNegativeId"
"","1013","Update a book with valid data","","2026-10-05","passed","2026-10-05","","bookstore.books.PutBookTests","bookstore.books.PutBookTests","updateBookWithValidData"
"","712","Create a new book without description","","2026-10-05","passed","2026-10-05","","bookstore.books.PostBookTests","bookstore.books.PostBookTests","createBookWithoutDescription"
"","369","Create a new book with null date","","2026-10-05","passed","2026-10-05","","bookstore.books.PostBookTests","bookstore.books.PostBookTests","createBookWithNullDate"
"","351","Delete a book with null ID","","2026-10-05","passed","2026-10-05","","bookstore.books.DeleteBookTests","bookstore.books.DeleteBookTests","deleteBookWithNullId"
"","1001","Update book with empty description","","2026-10-05","passed","2026-10-05","","bookstore.books.PutBookTests","bookstore.books.PutBookTests","updateBookWithEmptyDescription"
"","327","Test getting a book using a null id","","2026-10-05","passed","2026-10-05","","bookstore.books.GetBookTests","bookstore.books.GetBookTests","getBookByNullId"
"","660","Test getting an author by existing ID","","2026-10-05","passed","2026-10-05","","bookstore.authors.GetAuthorTests","bookstore.authors.GetAuthorTests","getAuthorByExistingId"
"","667","Update an author with negative ID","","2026-10-05","failed","2026-10-05","","bookstore.authors.PutAuthorTests","bookstore.authors.PutAuthorTests","updateAuthorWithNegativeId"
"","349","Test getting an author by negative ID","","2026-10-05","passed","2026-10-05","","bookstore.authors.GetAuthorTests","bookstore.authors.GetAuthorTests","getAuthorByNegativeId"
"","1844","Create a new book with null as page number","","2026-10-05","passed","2026-10-05","","bookstore.books.PostBookTests","bookstore.books.PostBookTests","createBookWithNullPageNumber"
"","675","Update an author with empty book id","","2026-10-05","failed","2026-10-05","","bookstore.authors.PutAuthorTests","bookstore.authors.PutAuthorTests","updateAuthorWithEmptyBookId"
"","328","Test getting an author by bookID with negative value","","2026-10-05","failed","2026-10-05","","bookstore.authors.GetAuthorTests","bookstore.authors.GetAuthorTests","getAuthorByBookIdWithNegativeValue"
"","1014","Update an author with valid data","","2026-10-05","passed","2026-10-05","","bookstore.authors.PutAuthorTests","bookstore.authors.PutAuthorTests","updateAuthorWithValidData"
"","344","Test getting a book by alphanumeric id","","2026-10-05","passed","2026-10-05","","bookstore.books.GetBookTests","bookstore.books.GetBookTests","getBookByAlphaNumericId"
"","334","Test getting an author using an existing id but written with few more zeros upfront","","2026-10-05","passed","2026-10-05","","bookstore.authors.GetAuthorTests","bookstore.authors.GetAuthorTests","getAuthorByExistingIdAndExtraZeros"
"","354","Test getting an author by alphanumeric ID","","2026-10-05","passed","2026-10-05","","bookstore.authors.GetAuthorTests","bookstore.authors.GetAuthorTests","getAuthorByAlphaNumericId"
"","346","Create a new book without id","","2026-10-05","passed","2026-10-05","","bookstore.books.PostBookTests","bookstore.books.PostBookTests","createBookWithoutId"
"","626","Test getting all books","","2026-10-05","passed","2026-10-05","","bookstore.books.GetBookTests","bookstore.books.GetBookTests","getAllBooks"
"","343","Delete a book with alphanumeric ID","","2026-10-05","passed","2026-10-05","","bookstore.books.DeleteBookTests","bookstore.books.DeleteBookTests","deleteBookWithAlphaNumericId"
"","329","Test getting an author by bookID above max ID","","2026-10-05","failed","2026-10-05","","bookstore.authors.GetAuthorTests","bookstore.authors.GetAuthorTests","getAuthorByBookIdAboveMaxId"
"","361","Create a new book with invalid date","","2026-10-05","passed","2026-10-05","","bookstore.books.PostBookTests","bookstore.books.PostBookTests","createBookWithInvalidDate"
"","340","Create a new author with null ID","","2026-10-05","passed","2026-10-05","","bookstore.authors.PostAuthorTests","bookstore.authors.PostAuthorTests","createAuthorWithNullId"
"","351","Test getting an author by null ID","","2026-10-05","passed","2026-10-05","","bookstore.authors.GetAuthorTests","bookstore.authors.GetAuthorTests","getAuthorByNullId"
"","334","Test getting an author by non-existing bookID","","2026-10-05","failed","2026-10-05","","bookstore.authors.GetAuthorTests","bookstore.authors.GetAuthorTests","getAuthorByNonExistingBookId"
"","697","Update a book with null date","","2026-10-05","passed","2026-10-05","","bookstore.books.PutBookTests","bookstore.books.PutBookTests","updateBookWithNullDate"
"","342","Delete a book with minimum integer ID","","2026-10-05","failed","2026-10-05","","bookstore.authors.DeleteAuthorTests","bookstore.authors.DeleteAuthorTests","deleteBookWithMinIntegerId"
"","699","Update an author with null id","","2026-10-05","passed","2026-10-05","","bookstore.authors.PutAuthorTests","bookstore.authors.PutAuthorTests","updateAuthorWithEmptyId"
"","675","Update a book with empty title","","2026-10-05","failed","2026-10-05","","bookstore.books.PutBookTests","bookstore.books.PutBookTests","updateBookWithoutTitle"
"","691","Update a book with negative page count","","2026-10-05","failed","2026-10-05","","bookstore.books.PutBookTests","bookstore.books.PutBookTests","updateBookWithNegativePageCount"
"","345","Delete a book with non-existing ID","","2026-10-05","failed","2026-10-05","","bookstore.authors.DeleteAuthorTests","bookstore.authors.DeleteAuthorTests","deleteBookWithNonExistingId"
"","345","Create a new author without ID","","2026-10-05","passed","2026-10-05","","bookstore.authors.PostAuthorTests","bookstore.authors.PostAuthorTests","createAuthorWithoutID"
"","327","Create a new author with negative ID","","2026-10-05","failed","2026-10-05","","bookstore.authors.PostAuthorTests","bookstore.authors.PostAuthorTests","createAuthorWithNegativeId"
"","336","Test getting an author by bookID with null value","","2026-10-05","passed","2026-10-05","","bookstore.authors.GetAuthorTests","bookstore.authors.GetAuthorTests","getAuthorByBookIdWithNullValue"
"","706","Delete a book with valid data","","2026-10-05","passed","2026-10-05","","bookstore.books.DeleteBookTests","bookstore.books.DeleteBookTests","deleteBookValidData"
"","361","Test getting a book using an existing id but written with few more zeros upfront","","2026-10-05","passed","2026-10-05","","bookstore.books.GetBookTests","bookstore.books.GetBookTests","getBookByExistingIdAndExtraZeros"
"","333","Test getting an author by id that is above the maxID","","2026-10-05","failed","2026-10-05","","bookstore.authors.GetAuthorTests","bookstore.authors.GetAuthorTests","getAuthorByIdAboveMaxId"
"","332","Delete a book with negative ID","","2026-10-05","failed","2026-10-05","","bookstore.authors.DeleteAuthorTests","bookstore.authors.DeleteAuthorTests","deleteBookWithNegativeId"
"","682","Update a book with null id","","2026-10-05","passed","2026-10-05","","bookstore.books.PutBookTests","bookstore.books.PutBookTests","updateBookWithEmptyId"
"","337","Delete a book with alphanumeric ID","","2026-10-05","passed","2026-10-05","","bookstore.authors.DeleteAuthorTests","bookstore.authors.DeleteAuthorTests","deleteBookWithAlphaNumericId"
"","335","Test getting an author by special sign ID","","2026-10-05","passed","2026-10-05","","bookstore.authors.GetAuthorTests","bookstore.authors.GetAuthorTests","getAuthorBySpecialSign"
"","347","Test getting a book using a negative ID","","2026-10-05","passed","2026-10-05","","bookstore.books.GetBookTests","bookstore.books.GetBookTests","getBookByNegativeId"
"","688","Create a new author without first name","","2026-10-05","passed","2026-10-05","","bookstore.authors.PostAuthorTests","bookstore.authors.PostAuthorTests","createAuthorWithEmptyFirstName"
"","671","Create a new author with maximum integer ID","","2026-10-05","passed","2026-10-05","","bookstore.authors.PostAuthorTests","bookstore.authors.PostAuthorTests","createAuthorWithAlphaNumericId"
"","358","Test getting a book by id that is above the maxID","","2026-10-05","passed","2026-10-05","","bookstore.books.GetBookTests","bookstore.books.GetBookTests","getBookByIdAboveMaxId"
"","335","Test getting an author by existing bookID","","2026-10-05","passed","2026-10-05","","bookstore.authors.GetAuthorTests","bookstore.authors.GetAuthorTests","getAuthorByExistingBookId"
"","325","Delete a book with ID with extra zeros upfront","","2026-10-05","passed","2026-10-05","","bookstore.books.DeleteBookTests","bookstore.books.DeleteBookTests","deleteBookWithExtraZeros"
"","333","Test getting an author by bookID with extra zeros upfront","","2026-10-05","passed","2026-10-05","","bookstore.authors.GetAuthorTests","bookstore.authors.GetAuthorTests","getAuthorByBookIdWithExtraZeros"
"","692","Test getting a book by existing ID","","2026-10-05","passed","2026-10-05","","bookstore.books.GetBookTests","bookstore.books.GetBookTests","getBookByExistingId"
"","327","Create a new author without book ID","","2026-10-05","failed","2026-10-05","","bookstore.authors.PostAuthorTests","bookstore.authors.PostAuthorTests","createAuthorWithoutBookID"
"","353","Delete a book with special sign ID","","2026-10-05","passed","2026-10-05","","bookstore.books.DeleteBookTests","bookstore.books.DeleteBookTests","deleteBookWithSpecialSignId"
"","338","Create a new book without title","","2026-10-05","failed","2026-10-05","","bookstore.books.PostBookTests","bookstore.books.PostBookTests","createBookWithoutTitle"
"","672","Update a book with invalid date","","2026-10-05","passed","2026-10-05","","bookstore.books.PutBookTests","bookstore.books.PutBookTests","updateBookWithInvalidDate"
"","329","Delete a book with non-existing ID","","2026-10-05","failed","2026-10-05","","bookstore.books.DeleteBookTests","bookstore.books.DeleteBookTests","deleteBookWithNonExistingId"
"","704","Create a new book with valid data","","2026-10-05","passed","2026-10-05","","bookstore.books.PostBookTests","bookstore.books.PostBookTests","createNewBook"
"","464","Test getting all authors","","2026-10-05","passed","2026-10-05","","bookstore.authors.GetAuthorTests","bookstore.authors.GetAuthorTests","getAllAuthors"
"","348","Test getting a book using a maximum integer id","","2026-10-05","passed","2026-10-05","","bookstore.books.GetBookTests","bookstore.books.GetBookTests","getBookByMaxIntegerId"
"","339","Delete a book with null ID","","2026-10-05","passed","2026-10-05","","bookstore.authors.DeleteAuthorTests","bookstore.authors.DeleteAuthorTests","deleteBookWithNullId"
"","331","Test getting an author by maximum integer ID","","2026-10-05","passed","2026-10-05","","bookstore.authors.GetAuthorTests","bookstore.authors.GetAuthorTests","getAuthorByMaxIntegerId"
"","335","Test getting an author by alphanumeric bookID","","2026-10-05","passed","2026-10-05","","bookstore.authors.GetAuthorTests","bookstore.authors.GetAuthorTests","getAuthorByAlphaNumericBookId"
"","358","Test getting a book using a minimum integer id","","2026-10-05","passed","2026-10-05","","bookstore.books.GetBookTests","bookstore.books.GetBookTests","getBookByMinIntegerId"
